[{"model": "contenttypes.contenttype", "pk": 1, "fields": {"app_label": "admin", "model": "logentry"}}, {"model": "contenttypes.contenttype", "pk": 2, "fields": {"app_label": "auth", "model": "permission"}}, {"model": "contenttypes.contenttype", "pk": 3, "fields": {"app_label": "auth", "model": "group"}}, {"model": "contenttypes.contenttype", "pk": 4, "fields": {"app_label": "auth", "model": "user"}}, {"model": "contenttypes.contenttype", "pk": 5, "fields": {"app_label": "contenttypes", "model": "contenttype"}}, {"model": "contenttypes.contenttype", "pk": 6, "fields": {"app_label": "sessions", "model": "session"}}, {"model": "contenttypes.contenttype", "pk": 7, "fields": {"app_label": "myapp", "model": "user"}}, {"model": "contenttypes.contenttype", "pk": 8, "fields": {"app_label": "myapp", "model": "imgslider"}}, {"model": "contenttypes.contenttype", "pk": 9, "fields": {"app_label": "myapp", "model": "project"}}, {"model": "contenttypes.contenttype", "pk": 10, "fields": {"app_label": "myapp", "model": "item"}}, {"model": "contenttypes.contenttype", "pk": 11, "fields": {"app_label": "myapp", "model": "m2awel"}}, {"model": "contenttypes.contenttype", "pk": 12, "fields": {"app_label": "myapp", "model": "transaction"}}, {"model": "contenttypes.contenttype", "pk": 13, "fields": {"app_label": "myapp", "model": "shek"}}, {"model": "sessions.session", "pk": "5ku18ephk1hdrt6jv0uybwtkns7ellbq", "fields": {"session_data": "NThhMzIxOTEwMjA0YjJmN2I4NjVlYzA5MDRkYTU0Njc5MDJiNTJhNTp7InVzZXJuYW1lIjoiYW1lcmEiLCJfYXV0aF91c2VyX2lkIjoiMiIsIl9hdXRoX3VzZXJfYmFja2VuZCI6ImRqYW5nby5jb250cmliLmF1dGguYmFja2VuZHMuTW9kZWxCYWNrZW5kIiwicm9sZSI6IkFkbWluIiwiX2F1dGhfdXNlcl9oYXNoIjoiMGVlZWExZjg5NjIzZTA4NGY3NmFjOWEzNzFkMTlhOTA5YTVlYmE2OSIsImVtYWlsIjoiYW1lcmEuZWxzYXllZDZAZ21haWwuY29tIn0=", "expire_date": "2016-02-23T15:11:07.567Z"}}, {"model": "sessions.session", "pk": "cfm1zyp3h19zmtfg1jymel2ayxqcud0s", "fields": {"session_data": "YWVkYmI2NzFiMGVmMGVhODQxZmZhYWNhNGYyMDViYTkyNzg4NGNiNjp7InVzZXJuYW1lIjoidGVzdCIsIl9hdXRoX3VzZXJfaWQiOiIxIiwiX2F1dGhfdXNlcl9iYWNrZW5kIjoiZGphbmdvLmNvbnRyaWIuYXV0aC5iYWNrZW5kcy5Nb2RlbEJhY2tlbmQiLCJwcm9qZWN0IjoiYXNkIiwicm9sZSI6IkVtcGxveWVlIiwiYWN0aW9uX3BhaWQiOjIwMCwiX2F1dGhfdXNlcl9oYXNoIjoiNWU4Mzc2ZmNkNTg3YWQ2MTJlM2I1YTIwMjJkZDZhYTM2M2VhODgxNyIsImVtYWlsIjoidGVzdEBnbWFpbC5jb20ifQ==", "expire_date": "2016-04-12T15:11:59.995Z"}}, {"model": "sessions.session", "pk": "d7a9f79tvdex6960dxozhrn28ds7fj8w", "fields": {"session_data": "NjY0OTVmOWQ5MmIzMGZlZjViZjFiZDE5Yzg5ODk4MDBhNDE0NDk3Yzp7InN0YXR1cyI6ImFkZHBybyIsInVzZXJuYW1lIjoiYW1lcmEiLCJfYXV0aF91c2VyX2lkIjoiMSIsIl9hdXRoX3VzZXJfYmFja2VuZCI6ImRqYW5nby5jb250cmliLmF1dGguYmFja2VuZHMuTW9kZWxCYWNrZW5kIiwicHJvamVjdCI6InNkIiwicm9sZSI6IkFkbWluIiwiX2F1dGhfdXNlcl9oYXNoIjoiNWU4Mzc2ZmNkNTg3YWQ2MTJlM2I1YTIwMjJkZDZhYTM2M2VhODgxNyIsImVtYWlsIjoiYW1lcmEuZWxzYXllZDZAZ21haWwuY29tIn0=", "expire_date": "2016-02-19T13:14:01.807Z"}}, {"model": "sessions.session", "pk": "euylc86d431th48u76ydqn3qyiqaz85r", "fields": {"session_data": "NjA4MzBkZTBmODY1MDY5NDdiOTY1ZjFjZGU2N2M5ODhkODg3Y2FlMTp7InVzZXJuYW1lIjoiYW1lcmEiLCJyb2xlIjoiQWRtaW4iLCJlbWFpbCI6ImFtZXJhLmVsc2F5ZWQ2QGdtYWlsLmNvbSJ9", "expire_date": "2016-03-12T20:29:01.447Z"}}, {"model": "sessions.session", "pk": "hk5samyf32icuc0c08fhbvaekrguk7wk", "fields": {"session_data": "NjA4MzBkZTBmODY1MDY5NDdiOTY1ZjFjZGU2N2M5ODhkODg3Y2FlMTp7InVzZXJuYW1lIjoiYW1lcmEiLCJyb2xlIjoiQWRtaW4iLCJlbWFpbCI6ImFtZXJhLmVsc2F5ZWQ2QGdtYWlsLmNvbSJ9", "expire_date": "2016-04-04T19:54:43.716Z"}}, {"model": "sessions.session", "pk": "mrbuug83i1qrwynej74uik7v536b04mi", "fields": {"session_data": "NWUyM2YyODEyMDc5OGY1MjY1OTljMTM5YTc5OTY1NmJkMDEzMWQyOTp7InVzZXJuYW1lIjoiYW1lcmEiLCJfYXV0aF91c2VyX2lkIjoiMSIsIl9hdXRoX3VzZXJfYmFja2VuZCI6ImRqYW5nby5jb250cmliLmF1dGguYmFja2VuZHMuTW9kZWxCYWNrZW5kIiwicm9sZSI6IkFkbWluIiwiX2F1dGhfdXNlcl9oYXNoIjoiNWU4Mzc2ZmNkNTg3YWQ2MTJlM2I1YTIwMjJkZDZhYTM2M2VhODgxNyIsImVtYWlsIjoiYW1lcmEuZWxzYXllZDZAZ21haWwuY29tIn0=", "expire_date": "2016-03-19T21:49:16.743Z"}}, {"model": "sessions.session", "pk": "ndu8uv1hlotnwkdwwu1p1qepo1uyqxpz", "fields": {"session_data": "ZTNmYTcyNTk2MjZjMDcyMDc0NzdkZTU5OTlmODc4ZmUzMTUxZTBmYTp7InVzZXJuYW1lIjoiYW1lcmEiLCJfYXV0aF91c2VyX2lkIjoiMiIsIl9hdXRoX3VzZXJfYmFja2VuZCI6ImRqYW5nby5jb250cmliLmF1dGguYmFja2VuZHMuTW9kZWxCYWNrZW5kIiwicHJvamVjdCI6Ilx1MDY0NVx1MDYzNFx1MDYzMVx1MDY0OFx1MDYzOSAiLCJyb2xlIjoiQWRtaW4iLCJfYXV0aF91c2VyX2hhc2giOiIwZWVlYTFmODk2MjNlMDg0Zjc2YWM5YTM3MWQxOWE5MDlhNWViYTY5IiwiZW1haWwiOiJhbWVyYS5lbHNheWVkNkBnbWFpbC5jb20ifQ==", "expire_date": "2016-02-24T13:17:12.558Z"}}, {"model": "sessions.session", "pk": "t1u8is2vccfy76wt1smiuhop7x9l5s1q", "fields": {"session_data": "M2YzNzlmZTJjODU3MTU1NGViNDA5MWY1M2RkNTQ4YzY0ODFkZjVjNzp7Il9hdXRoX3VzZXJfaWQiOiIxIiwiX2F1dGhfdXNlcl9iYWNrZW5kIjoiZGphbmdvLmNvbnRyaWIuYXV0aC5iYWNrZW5kcy5Nb2RlbEJhY2tlbmQiLCJwcm9qZWN0Ijoic3NzIiwiX2F1dGhfdXNlcl9oYXNoIjoiNWU4Mzc2ZmNkNTg3YWQ2MTJlM2I1YTIwMjJkZDZhYTM2M2VhODgxNyJ9", "expire_date": "2016-03-06T13:07:52.824Z"}}, {"model": "myapp.user", "pk": 1, "fields": {"user_name": "amera", "user_age": 23, "user_email": "amera.elsayed6@gmail.com", "user_password": "amera123", "user_role": "Admin"}}, {"model": "myapp.user", "pk": 2, "fields": {"user_name": "asd", "user_age": 0, "user_email": "asden@gmail.com", "user_password": "asden123", "user_role": "Employee"}}, {"model": "myapp.user", "pk": 3, "fields": {"user_name": "nedaa", "user_age": 0, "user_email": "nedaa@iti.com", "user_password": "nedaa123", "user_role": "Employee"}}, {"model": "myapp.user", "pk": 4, "fields": {"user_name": "mona", "user_age": 0, "user_email": "mona@gmail.com", "user_password": "mona123", "user_role": "Employee"}}, {"model": "myapp.user", "pk": 5, "fields": {"user_name": "nedaa123", "user_age": 0, "user_email": "ass@gmail.com", "user_password": "asd123", "user_role": "Employee"}}, {"model": "myapp.user", "pk": 7, "fields": {"user_name": "friend", "user_age": 35, "user_email": "friend@gmail.com", "user_password": "test123", "user_role": "Employee"}}, {"model": "myapp.user", "pk": 8, "fields": {"user_name": "ahmed", "user_age": 23, "user_email": "ahmed@gmail.com", "user_password": "ahmed123", "user_role": "Employee"}}, {"model": "myapp.user", "pk": 9, "fields": {"user_name": "shimaa", "user_age": 0, "user_email": "shimaa@yahoo.com", "user_password": "shimaa123", "user_role": "Employee"}}, {"model": "myapp.user", "pk": 10, "fields": {"user_name": "test", "user_age": 44, "user_email": "test@gmail.com", "user_password": "test123", "user_role": "Employee"}}, {"model": "myapp.project", "pk": 34, "fields": {"name": "asd", "start_date": "2016-03-23", "end_date": "2016-03-23"}}, {"model": "myapp.project", "pk": 35, "fields": {"name": "\u0639\u0645\u0627\u0631\u0627\u062a \u0627\u0644\u0627\u0648\u0642\u0627\u0641", "start_date": "2016-03-22", "end_date": "2016-03-22"}}, {"model": "myapp.item", "pk": 20, "fields": {"item_title": "test", "item_price": "1500", "item_amount": "2", "item_total": "3000", "item_date": "2016-03-09", "item_description": "ssss", "project": 34}}, {"model": "myapp.item", "pk": 21, "fields": {"item_title": "test1", "item_price": "5", "item_amount": "2", "item_total": "10", "item_date": "2016-03-21", "item_description": "asss", "project": 34}}, {"model": "myapp.item", "pk": 22, "fields": {"item_title": "test2", "item_price": "4", "item_amount": "2", "item_total": "8", "item_date": "2016-03-07", "item_description": "aa", "project": 34}}, {"model": "myapp.item", "pk": 24, "fields": {"item_title": "\u0627\u0644\u0631\u0645\u0644", "item_price": "600", "item_amount": "24", "item_total": "500", "item_date": "2016-03-22", "item_description": "", "project": 34}}, {"model": "myapp.item", "pk": 25, "fields": {"item_title": "dghj", "item_price": "50", "item_amount": "1", "item_total": "50", "item_date": "2016-03-04", "item_description": "", "project": 34}}, {"model": "myapp.item", "pk": 26, "fields": {"item_title": "asden", "item_price": "5", "item_amount": "2", "item_total": "10", "item_date": "2016-03-16", "item_description": "", "project": 34}}, {"model": "myapp.item", "pk": 27, "fields": {"item_title": "adsfe", "item_price": "55", "item_amount": "6", "item_total": "330", "item_date": "2016-03-02", "item_description": "", "project": 34}}, {"model": "myapp.item", "pk": 28, "fields": {"item_title": "saber", "item_price": "45", "item_amount": "5", "item_total": "225", "item_date": "2016-03-01", "item_description": "", "project": 34}}, {"model": "myapp.item", "pk": 30, "fields": {"item_title": "\u062d\u062f\u064a\u062f", "item_price": "50", "item_amount": "2", "item_total": "100", "item_date": "2016-03-21", "item_description": "", "project": 34}}, {"model": "myapp.item", "pk": 31, "fields": {"item_title": "\u0627\u0644\u0627\u0633\u0645\u0646\u062a", "item_price": "25", "item_amount": "25", "item_total": "625", "item_date": "2016-03-20", "item_description": "", "project": 34}}, {"model": "myapp.item", "pk": 32, "fields": {"item_title": "\u0631\u0645\u0644 ", "item_price": "50", "item_amount": "25", "item_total": "1250", "item_date": "2016-03-22", "item_description": "", "project": 35}}, {"model": "myapp.m2awel", "pk": 19, "fields": {"name": "asd", "job": "asden", "money": 1500, "paid": 1000, "project": 34}}, {"model": "myapp.m2awel", "pk": 20, "fields": {"name": "fghj", "job": "fghj", "money": 1000, "paid": 1000, "project": 34}}, {"model": "myapp.m2awel", "pk": 21, "fields": {"name": "\u0645\u062d\u0645\u062f", "job": "\u0646\u062c\u0627\u0631", "money": 50000, "paid": 2000, "project": 34}}, {"model": "myapp.m2awel", "pk": 22, "fields": {"name": "\u0627\u062d\u0645\u062f ", "job": "\u0646\u062c\u0627\u0631", "money": 300, "paid": 1000, "project": 35}}, {"model": "myapp.transaction", "pk": 12, "fields": {"action_paid": 500, "action_date": "2016-03-22", "m2awel": 19}}, {"model": "myapp.transaction", "pk": 13, "fields": {"action_paid": 50, "action_date": "2016-03-22", "m2awel": 19}}, {"model": "myapp.transaction", "pk": 14, "fields": {"action_paid": 300, "action_date": "2016-03-22", "m2awel": 19}}, {"model": "myapp.transaction", "pk": 15, "fields": {"action_paid": 500, "action_date": "2016-03-22", "m2awel": 20}}, {"model": "myapp.transaction", "pk": 16, "fields": {"action_paid": 500, "action_date": "2016-03-22", "m2awel": 20}}, {"model": "myapp.transaction", "pk": 17, "fields": {"action_paid": 1500, "action_date": "2016-03-22", "m2awel": 21}}, {"model": "myapp.transaction", "pk": 18, "fields": {"action_paid": 500, "action_date": "2016-03-22", "m2awel": 21}}, {"model": "myapp.transaction", "pk": 19, "fields": {"action_paid": 1000, "action_date": "2016-03-22", "m2awel": 22}}, {"model": "myapp.shek", "pk": 1, "fields": {"serial": 15, "num": 11, "date": "2016-03-16", "amount": 1500, "project": 34}}, {"model": "myapp.shek", "pk": 2, "fields": {"serial": 152, "num": 123, "date": "2016-03-17", "amount": 1000, "project": 34}}, {"model": "myapp.shek", "pk": 3, "fields": {"serial": 12323, "num": 3242, "date": "2016-03-09", "amount": 4353, "project": 34}}, {"model": "myapp.shek", "pk": 4, "fields": {"serial": 20, "num": 125, "date": "2016-03-15", "amount": 1000, "project": 34}}, {"model": "myapp.shek", "pk": 5, "fields": {"serial": 22, "num": 2222, "date": "2016-03-22", "amount": 22, "project": 35}}, {"model": "auth.permission", "pk": 1, "fields": {"name": "Can add log entry", "content_type": 1, "codename": "add_logentry"}}, {"model": "auth.permission", "pk": 2, "fields": {"name": "Can change log entry", "content_type": 1, "codename": "change_logentry"}}, {"model": "auth.permission", "pk": 3, "fields": {"name": "Can delete log entry", "content_type": 1, "codename": "delete_logentry"}}, {"model": "auth.permission", "pk": 4, "fields": {"name": "Can add permission", "content_type": 2, "codename": "add_permission"}}, {"model": "auth.permission", "pk": 5, "fields": {"name": "Can change permission", "content_type": 2, "codename": "change_permission"}}, {"model": "auth.permission", "pk": 6, "fields": {"name": "Can delete permission", "content_type": 2, "codename": "delete_permission"}}, {"model": "auth.permission", "pk": 7, "fields": {"name": "Can add group", "content_type": 3, "codename": "add_group"}}, {"model": "auth.permission", "pk": 8, "fields": {"name": "Can change group", "content_type": 3, "codename": "change_group"}}, {"model": "auth.permission", "pk": 9, "fields": {"name": "Can delete group", "content_type": 3, "codename": "delete_group"}}, {"model": "auth.permission", "pk": 10, "fields": {"name": "Can add user", "content_type": 4, "codename": "add_user"}}, {"model": "auth.permission", "pk": 11, "fields": {"name": "Can change user", "content_type": 4, "codename": "change_user"}}, {"model": "auth.permission", "pk": 12, "fields": {"name": "Can delete user", "content_type": 4, "codename": "delete_user"}}, {"model": "auth.permission", "pk": 13, "fields": {"name": "Can add content type", "content_type": 5, "codename": "add_contenttype"}}, {"model": "auth.permission", "pk": 14, "fields": {"name": "Can change content type", "content_type": 5, "codename": "change_contenttype"}}, {"model": "auth.permission", "pk": 15, "fields": {"name": "Can delete content type", "content_type": 5, "codename": "delete_contenttype"}}, {"model": "auth.permission", "pk": 16, "fields": {"name": "Can add session", "content_type": 6, "codename": "add_session"}}, {"model": "auth.permission", "pk": 17, "fields": {"name": "Can change session", "content_type": 6, "codename": "change_session"}}, {"model": "auth.permission", "pk": 18, "fields": {"name": "Can delete session", "content_type": 6, "codename": "delete_session"}}, {"model": "auth.permission", "pk": 19, "fields": {"name": "Can add user", "content_type": 7, "codename": "add_user"}}, {"model": "auth.permission", "pk": 20, "fields": {"name": "Can change user", "content_type": 7, "codename": "change_user"}}, {"model": "auth.permission", "pk": 21, "fields": {"name": "Can delete user", "content_type": 7, "codename": "delete_user"}}, {"model": "auth.permission", "pk": 22, "fields": {"name": "Can add img slider", "content_type": 8, "codename": "add_imgslider"}}, {"model": "auth.permission", "pk": 23, "fields": {"name": "Can change img slider", "content_type": 8, "codename": "change_imgslider"}}, {"model": "auth.permission", "pk": 24, "fields": {"name": "Can delete img slider", "content_type": 8, "codename": "delete_imgslider"}}, {"model": "auth.permission", "pk": 25, "fields": {"name": "Can add project", "content_type": 9, "codename": "add_project"}}, {"model": "auth.permission", "pk": 26, "fields": {"name": "Can change project", "content_type": 9, "codename": "change_project"}}, {"model": "auth.permission", "pk": 27, "fields": {"name": "Can delete project", "content_type": 9, "codename": "delete_project"}}, {"model": "auth.permission", "pk": 28, "fields": {"name": "Can add item", "content_type": 10, "codename": "add_item"}}, {"model": "auth.permission", "pk": 29, "fields": {"name": "Can change item", "content_type": 10, "codename": "change_item"}}, {"model": "auth.permission", "pk": 30, "fields": {"name": "Can delete item", "content_type": 10, "codename": "delete_item"}}, {"model": "auth.permission", "pk": 31, "fields": {"name": "Can add m2awel", "content_type": 11, "codename": "add_m2awel"}}, {"model": "auth.permission", "pk": 32, "fields": {"name": "Can change m2awel", "content_type": 11, "codename": "change_m2awel"}}, {"model": "auth.permission", "pk": 33, "fields": {"name": "Can delete m2awel", "content_type": 11, "codename": "delete_m2awel"}}, {"model": "auth.permission", "pk": 34, "fields": {"name": "Can add transaction", "content_type": 12, "codename": "add_transaction"}}, {"model": "auth.permission", "pk": 35, "fields": {"name": "Can change transaction", "content_type": 12, "codename": "change_transaction"}}, {"model": "auth.permission", "pk": 36, "fields": {"name": "Can delete transaction", "content_type": 12, "codename": "delete_transaction"}}, {"model": "auth.permission", "pk": 37, "fields": {"name": "Can add shek", "content_type": 13, "codename": "add_shek"}}, {"model": "auth.permission", "pk": 38, "fields": {"name": "Can change shek", "content_type": 13, "codename": "change_shek"}}, {"model": "auth.permission", "pk": 39, "fields": {"name": "Can delete shek", "content_type": 13, "codename": "delete_shek"}}, {"model": "auth.user", "pk": 1, "fields": {"password": "pbkdf2_sha256$24000$cpPfFSvnCZrt$LjyRv9V03wvvl0dWDsRCImNFsRFA4R64azHzi65asew=", "last_login": "2016-03-21T16:05:56.547Z", "is_superuser": true, "username": "itwork", "first_name": "", "last_name": "", "email": "amera.elsayed6@gmail.com", "is_staff": true, "is_active": true, "date_joined": "2016-02-04T12:15:19.508Z", "groups": [], "user_permissions": []}}, {"model": "auth.user", "pk": 2, "fields": {"password": "pbkdf2_sha256$24000$Xkrmao2moHRx$gBSSunWTxP520HoR29yoQxXJJRnBjb25soxzbT6mAEI=", "last_login": "2016-02-10T11:28:56.365Z", "is_superuser": true, "username": "itwork123", "first_name": "", "last_name": "", "email": "amera.elsayed6@gmail.com", "is_staff": true, "is_active": true, "date_joined": "2016-02-09T15:00:15.211Z", "groups": [], "user_permissions": []}}, {"model": "admin.logentry", "pk": 1, "fields": {"action_time": "2016-02-04T12:15:53.874Z", "user": 1, "content_type": 9, "object_id": "1", "object_repr": "\u0627\u0644\u0627\u0648\u0644", "action_flag": 1, "change_message": "Added."}}, {"model": "admin.logentry", "pk": 2, "fields": {"action_time": "2016-02-04T12:18:02.493Z", "user": 1, "content_type": 7, "object_id": "1", "object_repr": "amera", "action_flag": 1, "change_message": "Added."}}, {"model": "admin.logentry", "pk": 3, "fields": {"action_time": "2016-02-04T17:57:33.132Z", "user": 1, "content_type": 9, "object_id": "11", "object_repr": "sd", "action_flag": 3, "change_message": ""}}, {"model": "admin.logentry", "pk": 4, "fields": {"action_time": "2016-02-04T17:57:33.134Z", "user": 1, "content_type": 9, "object_id": "10", "object_repr": "sd", "action_flag": 3, "change_message": ""}}, {"model": "admin.logentry", "pk": 5, "fields": {"action_time": "2016-02-04T17:57:33.137Z", "user": 1, "content_type": 9, "object_id": "9", "object_repr": "os", "action_flag": 3, "change_message": ""}}, {"model": "admin.logentry", "pk": 6, "fields": {"action_time": "2016-02-04T17:57:33.138Z", "user": 1, "content_type": 9, "object_id": "8", "object_repr": "ssss", "action_flag": 3, "change_message": ""}}, {"model": "admin.logentry", "pk": 7, "fields": {"action_time": "2016-02-04T17:57:33.140Z", "user": 1, "content_type": 9, "object_id": "7", "object_repr": "ssss", "action_flag": 3, "change_message": ""}}, {"model": "admin.logentry", "pk": 8, "fields": {"action_time": "2016-02-04T17:57:33.142Z", "user": 1, "content_type": 9, "object_id": "6", "object_repr": "ssss", "action_flag": 3, "change_message": ""}}, {"model": "admin.logentry", "pk": 9, "fields": {"action_time": "2016-02-04T17:57:33.144Z", "user": 1, "content_type": 9, "object_id": "5", "object_repr": "asd", "action_flag": 3, "change_message": ""}}, {"model": "admin.logentry", "pk": 10, "fields": {"action_time": "2016-02-04T17:57:33.146Z", "user": 1, "content_type": 9, "object_id": "4", "object_repr": "asd", "action_flag": 3, "change_message": ""}}, {"model": "admin.logentry", "pk": 11, "fields": {"action_time": "2016-02-04T17:57:33.148Z", "user": 1, "content_type": 9, "object_id": "3", "object_repr": "ddss", "action_flag": 3, "change_message": ""}}, {"model": "admin.logentry", "pk": 12, "fields": {"action_time": "2016-02-04T17:57:33.150Z", "user": 1, "content_type": 9, "object_id": "2", "object_repr": "dd", "action_flag": 3, "change_message": ""}}, {"model": "admin.logentry", "pk": 13, "fields": {"action_time": "2016-02-04T17:57:33.152Z", "user": 1, "content_type": 9, "object_id": "1", "object_repr": "\u0627\u0644\u0627\u0648\u0644", "action_flag": 3, "change_message": ""}}, {"model": "admin.logentry", "pk": 14, "fields": {"action_time": "2016-02-04T17:57:41.439Z", "user": 1, "content_type": 9, "object_id": "15", "object_repr": "sd", "action_flag": 3, "change_message": ""}}, {"model": "admin.logentry", "pk": 15, "fields": {"action_time": "2016-02-04T17:57:41.441Z", "user": 1, "content_type": 9, "object_id": "14", "object_repr": "sd", "action_flag": 3, "change_message": ""}}, {"model": "admin.logentry", "pk": 16, "fields": {"action_time": "2016-02-04T17:57:41.443Z", "user": 1, "content_type": 9, "object_id": "13", "object_repr": "sd", "action_flag": 3, "change_message": ""}}, {"model": "admin.logentry", "pk": 17, "fields": {"action_time": "2016-02-04T17:57:41.445Z", "user": 1, "content_type": 9, "object_id": "12", "object_repr": "sd", "action_flag": 3, "change_message": ""}}, {"model": "admin.logentry", "pk": 18, "fields": {"action_time": "2016-02-04T18:18:13.764Z", "user": 1, "content_type": 11, "object_id": "6", "object_repr": "ahmed", "action_flag": 1, "change_message": "Added."}}, {"model": "admin.logentry", "pk": 19, "fields": {"action_time": "2016-02-04T19:25:36.703Z", "user": 1, "content_type": 11, "object_id": "6", "object_repr": "ahmed", "action_flag": 2, "change_message": "Changed project."}}, {"model": "admin.logentry", "pk": 20, "fields": {"action_time": "2016-02-04T19:26:03.227Z", "user": 1, "content_type": 11, "object_id": "10", "object_repr": "7asen", "action_flag": 2, "change_message": "Changed project."}}, {"model": "admin.logentry", "pk": 21, "fields": {"action_time": "2016-02-04T19:34:39.266Z", "user": 1, "content_type": 7, "object_id": "1", "object_repr": "amera", "action_flag": 2, "change_message": "No fields changed."}}, {"model": "admin.logentry", "pk": 22, "fields": {"action_time": "2016-02-10T11:32:16.923Z", "user": 2, "content_type": 7, "object_id": "6", "object_repr": "friend", "action_flag": 3, "change_message": ""}}, {"model": "admin.logentry", "pk": 23, "fields": {"action_time": "2016-02-10T11:50:34.020Z", "user": 2, "content_type": 10, "object_id": "16", "object_repr": "test", "action_flag": 2, "change_message": "Changed item_description and project."}}, {"model": "admin.logentry", "pk": 24, "fields": {"action_time": "2016-02-10T11:50:57.641Z", "user": 2, "content_type": 10, "object_id": "16", "object_repr": "test", "action_flag": 2, "change_message": "Changed item_date."}}, {"model": "admin.logentry", "pk": 25, "fields": {"action_time": "2016-02-10T13:16:49.435Z", "user": 2, "content_type": 13, "object_id": "6", "object_repr": "33", "action_flag": 2, "change_message": "No fields changed."}}, {"model": "admin.logentry", "pk": 26, "fields": {"action_time": "2016-02-10T13:17:05.280Z", "user": 2, "content_type": 13, "object_id": "7", "object_repr": "525", "action_flag": 1, "change_message": "Added."}}, {"model": "admin.logentry", "pk": 27, "fields": {"action_time": "2016-02-26T21:24:13.792Z", "user": 1, "content_type": 9, "object_id": "21", "object_repr": "sss", "action_flag": 3, "change_message": ""}}, {"model": "admin.logentry", "pk": 28, "fields": {"action_time": "2016-02-26T21:24:13.803Z", "user": 1, "content_type": 9, "object_id": "20", "object_repr": "\u0645\u0634\u0631\u0648\u0639 ", "action_flag": 3, "change_message": ""}}, {"model": "admin.logentry", "pk": 29, "fields": {"action_time": "2016-02-26T21:24:13.812Z", "user": 1, "content_type": 9, "object_id": "19", "object_repr": "test", "action_flag": 3, "change_message": ""}}, {"model": "admin.logentry", "pk": 30, "fields": {"action_time": "2016-02-26T21:24:13.814Z", "user": 1, "content_type": 9, "object_id": "18", "object_repr": "ss", "action_flag": 3, "change_message": ""}}, {"model": "admin.logentry", "pk": 31, "fields": {"action_time": "2016-02-26T21:24:13.817Z", "user": 1, "content_type": 9, "object_id": "17", "object_repr": "os", "action_flag": 3, "change_message": ""}}, {"model": "admin.logentry", "pk": 32, "fields": {"action_time": "2016-02-26T21:24:13.820Z", "user": 1, "content_type": 9, "object_id": "16", "object_repr": "sd", "action_flag": 3, "change_message": ""}}, {"model": "admin.logentry", "pk": 33, "fields": {"action_time": "2016-02-26T21:44:01.136Z", "user": 1, "content_type": 9, "object_id": "22", "object_repr": "new project", "action_flag": 1, "change_message": "Added."}}, {"model": "admin.logentry", "pk": 34, "fields": {"action_time": "2016-02-26T21:44:51.082Z", "user": 1, "content_type": 11, "object_id": "12", "object_repr": "ahmed", "action_flag": 1, "change_message": "Added."}}, {"model": "admin.logentry", "pk": 35, "fields": {"action_time": "2016-02-27T09:19:07.993Z", "user": 1, "content_type": 9, "object_id": "28", "object_repr": "dd", "action_flag": 3, "change_message": ""}}, {"model": "admin.logentry", "pk": 36, "fields": {"action_time": "2016-02-27T09:19:07.998Z", "user": 1, "content_type": 9, "object_id": "26", "object_repr": "test", "action_flag": 3, "change_message": ""}}, {"model": "admin.logentry", "pk": 37, "fields": {"action_time": "2016-03-21T16:06:47.233Z", "user": 1, "content_type": 13, "object_id": "12", "object_repr": "123", "action_flag": 1, "change_message": "Added."}}, {"model": "admin.logentry", "pk": 38, "fields": {"action_time": "2016-03-21T20:07:35.799Z", "user": 1, "content_type": 10, "object_id": "20", "object_repr": "test", "action_flag": 1, "change_message": "Added."}}, {"model": "admin.logentry", "pk": 39, "fields": {"action_time": "2016-03-21T20:18:49.680Z", "user": 1, "content_type": 13, "object_id": "15", "object_repr": "232", "action_flag": 2, "change_message": "Changed date."}}, {"model": "admin.logentry", "pk": 40, "fields": {"action_time": "2016-03-21T21:12:10.029Z", "user": 1, "content_type": 10, "object_id": "21", "object_repr": "test1", "action_flag": 1, "change_message": "Added."}}, {"model": "admin.logentry", "pk": 41, "fields": {"action_time": "2016-03-21T21:12:52.575Z", "user": 1, "content_type": 10, "object_id": "22", "object_repr": "test2", "action_flag": 1, "change_message": "Added."}}, {"model": "admin.logentry", "pk": 42, "fields": {"action_time": "2016-03-22T09:38:37.416Z", "user": 1, "content_type": 7, "object_id": "3", "object_repr": "nedaa", "action_flag": 2, "change_message": "Changed user_role."}}, {"model": "admin.logentry", "pk": 43, "fields": {"action_time": "2016-03-22T09:46:31.692Z", "user": 1, "content_type": 7, "object_id": "3", "object_repr": "nedaa", "action_flag": 2, "change_message": "Changed user_role."}}, {"model": "admin.logentry", "pk": 44, "fields": {"action_time": "2016-03-22T10:18:53.422Z", "user": 1, "content_type": 13, "object_id": "1", "object_repr": "11", "action_flag": 1, "change_message": "Added."}}, {"model": "admin.logentry", "pk": 45, "fields": {"action_time": "2016-03-23T14:28:27.596Z", "user": 1, "content_type": 7, "object_id": "11", "object_repr": "test", "action_flag": 3, "change_message": ""}}]